ts,equity
2026-01-05T05:55:00+00:00,8000000.00
2026-01-05T06:00:00+00:00,8000000.00
2026-01-05T06:05:00+00:00,8000000.00
2026-01-05T06:10:00+00:00,8000000.00
2026-01-05T06:15:00+00:00,8000000.00
2026-01-05T06:20:00+00:00,8000000.00
2026-01-05T06:25:00+00:00,8000000.00
2026-01-05T06:30:00+00:00,8000000.00
2026-01-05T06:35:00+00:00,8000000.00
2026-01-05T06:40:00+00:00,8000000.00
2026-01-05T06:45:00+00:00,8000000.00
2026-01-05T06:50:00+00:00,8000000.00
2026-01-05T06:55:00+00:00,8000000.00
2026-01-05T07:00:00+00:00,8000000.00
2026-01-05T07:05:00+00:00,8000000.00
2026-01-05T07:10:00+00:00,8000000.00
2026-01-05T07:15:00+00:00,8000000.00
2026-01-05T07:20:00+00:00,8000000.00
2026-01-05T07:25:00+00:00,8000000.00
2026-01-05T07:30:00+00:00,8000000.00
2026-01-05T07:35:00+00:00,8000000.00
2026-01-05T07:40:00+00:00,8000000.00
2026-01-05T07:45:00+00:00,8000000.00
2026-01-05T07:50:00+00:00,8000000.00
2026-01-05T07:55:00+00:00,8000000.00
2026-01-05T08:00:00+00:00,8000000.00
2026-01-05T08:05:00+00:00,8000000.00
2026-01-05T08:10:00+00:00,8000000.00
2026-01-05T08:15:00+00:00,7999999.89
2026-01-05T08:20:00+00:00,7999999.86
2026-01-05T08:25:00+00:00,8000000.02
2026-01-05T08:30:00+00:00,8000000.09
2026-01-05T08:35:00+00:00,8000000.06
2026-01-05T08:40:00+00:00,7999999.91
2026-01-05T08:45:00+00:00,7999999.94
2026-01-05T08:50:00+00:00,7999999.86
2026-01-05T08:55:00+00:00,7999999.98
2026-01-05T09:00:00+00:00,7999999.96
2026-01-05T09:05:00+00:00,7999999.94
2026-01-05T09:10:00+00:00,7999999.87
2026-01-05T09:15:00+00:00,7999999.86
2026-01-05T09:20:00+00:00,7999999.87
2026-01-05T09:25:00+00:00,7999999.79
2026-01-05T09:30:00+00:00,7999999.76
2026-01-05T09:35:00+00:00,7999999.77
2026-01-05T09:40:00+00:00,7999999.65
2026-01-05T09:45:00+00:00,7999999.64
2026-01-05T09:50:00+00:00,7999999.59
2026-01-05T09:55:00+00:00,7999999.58
2026-01-05T10:00:00+00:00,7999999.73
2026-01-05T10:05:00+00:00,7999999.72
2026-01-05T10:10:00+00:00,7999999.73
2026-01-05T10:15:00+00:00,7999999.73
2026-01-05T10:20:00+00:00,7999999.73
2026-01-05T10:25:00+00:00,7999999.73
2026-01-05T10:30:00+00:00,7999999.73
2026-01-05T10:35:00+00:00,7999999.73
2026-01-05T10:40:00+00:00,7999999.73
2026-01-05T10:45:00+00:00,7999999.73
2026-01-05T10:50:00+00:00,7999999.73
2026-01-05T10:55:00+00:00,7999999.73
2026-01-05T11:05:00+00:00,7999999.63
2026-01-05T11:10:00+00:00,7999999.76
2026-01-05T11:15:00+00:00,7999999.29
2026-01-05T11:20:00+00:00,7999999.27
2026-01-05T11:25:00+00:00,7999998.85
2026-01-05T11:30:00+00:00,7999998.98
2026-01-05T11:35:00+00:00,7999999.05
2026-01-05T11:40:00+00:00,7999999.21
2026-01-05T11:45:00+00:00,7999999.16
2026-01-05T11:50:00+00:00,7999998.94
2026-01-05T11:55:00+00:00,7999998.70
2026-01-05T12:00:00+00:00,7999998.85
2026-01-05T12:05:00+00:00,7999998.93
2026-01-05T12:10:00+00:00,7999999.04
2026-01-05T12:15:00+00:00,7999999.04
2026-01-05T12:20:00+00:00,7999999.04
2026-01-05T12:25:00+00:00,7999999.04
2026-01-05T12:30:00+00:00,7999999.04
2026-01-05T12:35:00+00:00,7999999.04
2026-01-05T12:40:00+00:00,7999999.04
2026-01-05T12:45:00+00:00,7999999.04
2026-01-05T12:50:00+00:00,7999999.04
2026-01-05T12:55:00+00:00,7999999.04
2026-01-05T13:00:00+00:00,7999999.04
2026-01-05T13:05:00+00:00,7999999.04
2026-01-05T13:10:00+00:00,7999999.04
2026-01-05T13:15:00+00:00,7999999.04
2026-01-05T13:20:00+00:00,7999999.04
2026-01-05T13:25:00+00:00,7999999.04
2026-01-05T13:30:00+00:00,7999999.04
2026-01-05T13:35:00+00:00,7999999.04
2026-01-05T13:40:00+00:00,7999999.04
2026-01-05T13:45:00+00:00,7999999.04
2026-01-05T13:50:00+00:00,7999999.04
2026-01-05T13:55:00+00:00,7999999.04
2026-01-05T14:00:00+00:00,7999999.04
2026-01-05T14:05:00+00:00,7999998.87
2026-01-05T14:10:00+00:00,7999998.62
2026-01-05T14:15:00+00:00,7999998.48
2026-01-05T14:20:00+00:00,7999998.64
2026-01-05T14:25:00+00:00,7999998.66
2026-01-05T14:30:00+00:00,7999998.66
2026-01-05T14:35:00+00:00,7999998.66
2026-01-05T14:40:00+00:00,7999998.66
2026-01-05T14:45:00+00:00,7999998.66
2026-01-05T14:50:00+00:00,7999998.66
2026-01-05T14:55:00+00:00,7999998.66
2026-01-05T15:00:00+00:00,7999998.66
2026-01-05T15:05:00+00:00,7999998.66
2026-01-05T15:10:00+00:00,7999998.66
2026-01-05T15:15:00+00:00,7999998.66
2026-01-05T15:20:00+00:00,7999998.66
2026-01-05T15:25:00+00:00,7999998.66
2026-01-05T15:30:00+00:00,7999998.66
2026-01-05T15:35:00+00:00,7999998.66
2026-01-05T15:40:00+00:00,7999998.66
2026-01-05T15:45:00+00:00,7999998.66
2026-01-05T16:05:00+00:00,7999998.66
2026-01-05T16:10:00+00:00,7999998.66
2026-01-05T16:15:00+00:00,7999998.66
2026-01-05T16:20:00+00:00,7999998.66
2026-01-05T16:25:00+00:00,7999998.66
2026-01-05T16:30:00+00:00,7999998.66
2026-01-05T16:35:00+00:00,7999998.66
2026-01-05T16:40:00+00:00,7999998.66
2026-01-05T16:45:00+00:00,7999998.66
2026-01-05T16:50:00+00:00,7999998.66
2026-01-05T16:55:00+00:00,7999998.66
2026-01-05T17:00:00+00:00,7999998.66
2026-01-05T17:05:00+00:00,7999998.66
2026-01-05T17:10:00+00:00,7999998.66
2026-01-05T17:15:00+00:00,7999998.66
2026-01-05T17:20:00+00:00,7999998.66
2026-01-05T17:25:00+00:00,7999998.66
2026-01-05T17:30:00+00:00,7999998.66
2026-01-05T17:35:00+00:00,7999998.66
2026-01-05T17:40:00+00:00,7999998.66
2026-01-05T17:45:00+00:00,7999998.66
2026-01-05T17:50:00+00:00,7999998.66
2026-01-05T17:55:00+00:00,7999998.66
2026-01-05T18:00:00+00:00,7999998.66
2026-01-05T18:05:00+00:00,7999998.66
2026-01-05T18:10:00+00:00,7999998.66
2026-01-05T18:15:00+00:00,7999998.66
2026-01-05T18:20:00+00:00,7999998.66
2026-01-05T18:25:00+00:00,7999998.66
2026-01-05T18:30:00+00:00,7999998.66
2026-01-05T18:35:00+00:00,7999998.66
2026-01-05T18:40:00+00:00,7999998.66
2026-01-05T18:45:00+00:00,7999998.66
2026-01-05T18:50:00+00:00,7999998.66
2026-01-05T18:55:00+00:00,7999998.66
2026-01-05T19:00:00+00:00,7999998.66
2026-01-05T19:05:00+00:00,7999998.66
2026-01-05T19:10:00+00:00,7999998.66
2026-01-05T19:15:00+00:00,7999998.66
2026-01-05T19:20:00+00:00,7999998.66
2026-01-05T19:25:00+00:00,7999998.66
2026-01-05T19:30:00+00:00,7999998.66
2026-01-05T19:35:00+00:00,7999998.66
2026-01-05T19:40:00+00:00,7999998.66
2026-01-05T19:45:00+00:00,7999998.66
2026-01-05T19:50:00+00:00,7999998.66
2026-01-05T19:55:00+00:00,7999998.66
2026-01-05T20:00:00+00:00,7999998.66
2026-01-05T20:05:00+00:00,7999998.66
2026-01-05T20:10:00+00:00,7999998.66
2026-01-05T20:15:00+00:00,7999998.66
2026-01-05T20:20:00+00:00,7999998.66
2026-01-05T20:25:00+00:00,7999998.66
2026-01-05T20:30:00+00:00,7999998.66
2026-01-05T20:35:00+00:00,7999998.66
2026-01-05T20:40:00+00:00,7999998.66
2026-01-05T20:45:00+00:00,7999998.66
2026-01-06T05:55:00+00:00,7999998.66
2026-01-06T06:00:00+00:00,7999998.66
2026-01-06T06:05:00+00:00,7999998.66
2026-01-06T06:10:00+00:00,7999998.66
2026-01-06T06:15:00+00:00,7999998.66
2026-01-06T06:20:00+00:00,7999998.66
2026-01-06T06:25:00+00:00,7999998.66
2026-01-06T06:30:00+00:00,7999998.66
2026-01-06T06:35:00+00:00,7999998.66
2026-01-06T06:40:00+00:00,7999998.66
2026-01-06T06:45:00+00:00,7999998.66
2026-01-06T06:50:00+00:00,7999998.66
2026-01-06T06:55:00+00:00,7999998.66
2026-01-06T07:00:00+00:00,7999998.66
2026-01-06T07:05:00+00:00,7999998.66
2026-01-06T07:10:00+00:00,7999998.66
2026-01-06T07:15:00+00:00,7999998.66
2026-01-06T07:20:00+00:00,7999998.66
2026-01-06T07:25:00+00:00,7999998.66
2026-01-06T07:30:00+00:00,7999998.66
2026-01-06T07:35:00+00:00,7999998.66
2026-01-06T07:40:00+00:00,7999998.66
2026-01-06T07:45:00+00:00,7999998.66
2026-01-06T07:50:00+00:00,7999998.66
2026-01-06T07:55:00+00:00,7999998.66
2026-01-06T08:00:00+00:00,7999998.76
2026-01-06T08:05:00+00:00,7999998.75
2026-01-06T08:10:00+00:00,7999998.77
2026-01-06T08:15:00+00:00,7999998.98
2026-01-06T08:20:00+00:00,7999999.02
2026-01-06T08:25:00+00:00,7999999.02
2026-01-06T08:30:00+00:00,7999999.02
2026-01-06T08:35:00+00:00,7999999.02
2026-01-06T08:40:00+00:00,7999999.02
2026-01-06T08:45:00+00:00,7999999.02
2026-01-06T08:50:00+00:00,7999999.02
2026-01-06T08:55:00+00:00,7999999.02
2026-01-06T09:00:00+00:00,7999999.02
2026-01-06T09:05:00+00:00,7999999.02
2026-01-06T09:10:00+00:00,7999999.02
2026-01-06T09:15:00+00:00,7999999.02
2026-01-06T09:20:00+00:00,7999999.02
2026-01-06T09:25:00+00:00,7999999.02
2026-01-06T09:30:00+00:00,7999999.02
2026-01-06T09:35:00+00:00,7999999.02
2026-01-06T09:40:00+00:00,7999999.02
2026-01-06T09:45:00+00:00,7999999.02
2026-01-06T09:50:00+00:00,7999999.02
2026-01-06T09:55:00+00:00,7999999.02
2026-01-06T10:00:00+00:00,7999999.02
2026-01-06T10:05:00+00:00,7999999.02
2026-01-06T10:10:00+00:00,7999999.02
2026-01-06T10:15:00+00:00,7999999.02
2026-01-06T10:20:00+00:00,7999999.02
2026-01-06T10:25:00+00:00,7999999.02
2026-01-06T10:30:00+00:00,7999999.02
2026-01-06T10:35:00+00:00,7999999.02
2026-01-06T10:40:00+00:00,7999999.02
2026-01-06T10:45:00+00:00,7999999.02
2026-01-06T10:50:00+00:00,7999999.02
2026-01-06T10:55:00+00:00,7999999.02
2026-01-06T11:05:00+00:00,7999999.02
2026-01-06T11:10:00+00:00,7999999.02
2026-01-06T11:15:00+00:00,7999999.02
2026-01-06T11:20:00+00:00,7999999.02
2026-01-06T11:25:00+00:00,7999999.02
2026-01-06T11:30:00+00:00,7999999.02
2026-01-06T11:35:00+00:00,7999999.14
2026-01-06T11:40:00+00:00,7999999.00
2026-01-06T11:45:00+00:00,7999999.09
2026-01-06T11:50:00+00:00,7999999.04
2026-01-06T11:55:00+00:00,7999999.07
2026-01-06T12:00:00+00:00,7999998.98
2026-01-06T12:05:00+00:00,7999998.90
2026-01-06T12:10:00+00:00,7999998.90
2026-01-06T12:15:00+00:00,7999999.04
2026-01-06T12:20:00+00:00,7999998.92
2026-01-06T12:25:00+00:00,7999998.91
2026-01-06T12:30:00+00:00,7999999.01
2026-01-06T12:35:00+00:00,7999999.01
2026-01-06T12:40:00+00:00,7999999.01
2026-01-06T12:45:00+00:00,7999999.01
2026-01-06T12:50:00+00:00,7999999.01
2026-01-06T12:55:00+00:00,7999999.01
2026-01-06T13:00:00+00:00,7999999.01
2026-01-06T13:05:00+00:00,7999999.01
2026-01-06T13:10:00+00:00,7999999.01
2026-01-06T13:15:00+00:00,7999999.01
2026-01-06T13:20:00+00:00,7999999.01
2026-01-06T13:25:00+00:00,7999999.01
2026-01-06T13:30:00+00:00,7999999.01
2026-01-06T13:35:00+00:00,7999999.01
2026-01-06T13:40:00+00:00,7999999.01
2026-01-06T13:45:00+00:00,7999999.01
2026-01-06T13:50:00+00:00,7999999.01
2026-01-06T13:55:00+00:00,7999999.01
2026-01-06T14:00:00+00:00,7999999.01
2026-01-06T14:05:00+00:00,7999999.01
2026-01-06T14:10:00+00:00,7999999.22
2026-01-06T14:15:00+00:00,7999999.36
2026-01-06T14:20:00+00:00,7999999.29
2026-01-06T14:25:00+00:00,7999999.42
2026-01-06T14:30:00+00:00,7999999.42
2026-01-06T14:35:00+00:00,7999999.42
2026-01-06T14:40:00+00:00,7999999.42
2026-01-06T14:45:00+00:00,7999999.42
2026-01-06T14:50:00+00:00,7999999.42
2026-01-06T14:55:00+00:00,7999999.42
2026-01-06T15:00:00+00:00,7999999.42
2026-01-06T15:05:00+00:00,7999999.42
2026-01-06T15:10:00+00:00,7999999.42
2026-01-06T15:15:00+00:00,7999999.42
2026-01-06T15:20:00+00:00,7999999.42
2026-01-06T15:25:00+00:00,7999999.42
2026-01-06T15:30:00+00:00,7999999.42
2026-01-06T15:35:00+00:00,7999999.42
2026-01-06T15:40:00+00:00,7999999.42
2026-01-06T15:45:00+00:00,7999999.42
2026-01-06T16:05:00+00:00,7999999.42
2026-01-06T16:10:00+00:00,7999999.42
2026-01-06T16:15:00+00:00,7999999.42
2026-01-06T16:20:00+00:00,7999999.42
2026-01-06T16:25:00+00:00,7999999.42
2026-01-06T16:30:00+00:00,7999999.42
2026-01-06T16:35:00+00:00,7999999.42
2026-01-06T16:40:00+00:00,7999999.42
2026-01-06T16:45:00+00:00,7999999.42
2026-01-06T16:50:00+00:00,7999999.42
2026-01-06T16:55:00+00:00,7999999.42
2026-01-06T17:00:00+00:00,7999999.42
2026-01-06T17:05:00+00:00,7999999.42
2026-01-06T17:10:00+00:00,7999999.42
2026-01-06T17:15:00+00:00,7999999.42
2026-01-06T17:20:00+00:00,7999999.42
2026-01-06T17:25:00+00:00,7999999.42
2026-01-06T17:30:00+00:00,7999999.42
2026-01-06T17:35:00+00:00,7999999.42
2026-01-06T17:40:00+00:00,7999999.42
2026-01-06T17:45:00+00:00,7999999.42
2026-01-06T17:50:00+00:00,7999999.42
2026-01-06T17:55:00+00:00,7999999.42
2026-01-06T18:00:00+00:00,7999999.42
2026-01-06T18:05:00+00:00,7999999.42
2026-01-06T18:10:00+00:00,7999999.42
2026-01-06T18:15:00+00:00,7999999.42
2026-01-06T18:20:00+00:00,7999999.42
2026-01-06T18:25:00+00:00,7999999.42
2026-01-06T18:30:00+00:00,7999999.42
2026-01-06T18:35:00+00:00,7999999.42
2026-01-06T18:40:00+00:00,7999999.42
2026-01-06T18:45:00+00:00,7999999.42
2026-01-06T18:50:00+00:00,7999999.42
2026-01-06T18:55:00+00:00,7999999.42
2026-01-06T19:00:00+00:00,7999999.42
2026-01-06T19:05:00+00:00,7999999.42
2026-01-06T19:10:00+00:00,7999999.42
2026-01-06T19:15:00+00:00,7999999.42
2026-01-06T19:20:00+00:00,7999999.42
2026-01-06T19:25:00+00:00,7999999.42
2026-01-06T19:30:00+00:00,7999999.42
2026-01-06T19:35:00+00:00,7999999.42
2026-01-06T19:40:00+00:00,7999999.42
2026-01-06T19:45:00+00:00,7999999.42
2026-01-06T19:50:00+00:00,7999999.42
2026-01-06T19:55:00+00:00,7999999.42
2026-01-06T20:00:00+00:00,7999999.42
2026-01-06T20:05:00+00:00,7999999.42
2026-01-06T20:10:00+00:00,7999999.42
2026-01-06T20:15:00+00:00,7999999.42
2026-01-06T20:20:00+00:00,7999999.42
2026-01-06T20:25:00+00:00,7999999.42
2026-01-06T20:30:00+00:00,7999999.42
2026-01-06T20:35:00+00:00,7999999.42
2026-01-06T20:40:00+00:00,7999999.42
2026-01-06T20:45:00+00:00,7999999.42
2026-01-08T05:55:00+00:00,7999999.42
2026-01-08T06:00:00+00:00,7999999.42
2026-01-08T06:05:00+00:00,7999999.42
2026-01-08T06:10:00+00:00,7999999.42
2026-01-08T06:15:00+00:00,7999999.42
2026-01-08T06:20:00+00:00,7999999.42
2026-01-08T06:25:00+00:00,7999999.42
2026-01-08T06:30:00+00:00,7999999.42
2026-01-08T06:35:00+00:00,7999999.42
2026-01-08T06:40:00+00:00,7999999.42
2026-01-08T06:45:00+00:00,7999999.42
2026-01-08T06:50:00+00:00,7999999.42
2026-01-08T06:55:00+00:00,7999999.42
2026-01-08T07:00:00+00:00,7999999.42
2026-01-08T07:05:00+00:00,7999999.42
2026-01-08T07:10:00+00:00,7999999.42
2026-01-08T07:15:00+00:00,7999999.42
2026-01-08T07:20:00+00:00,7999999.42
2026-01-08T07:25:00+00:00,7999999.42
2026-01-08T07:30:00+00:00,7999999.42
2026-01-08T07:35:00+00:00,7999999.42
2026-01-08T07:40:00+00:00,7999999.42
2026-01-08T07:45:00+00:00,7999999.42
2026-01-08T07:50:00+00:00,7999999.42
2026-01-08T07:55:00+00:00,7999999.42
2026-01-08T08:00:00+00:00,7999999.42
2026-01-08T08:05:00+00:00,7999999.42
2026-01-08T08:10:00+00:00,7999999.42
2026-01-08T08:15:00+00:00,7999999.42
2026-01-08T08:20:00+00:00,7999999.42
2026-01-08T08:25:00+00:00,7999999.42
2026-01-08T08:30:00+00:00,7999999.42
2026-01-08T08:35:00+00:00,7999999.42
2026-01-08T08:40:00+00:00,7999999.42
2026-01-08T08:45:00+00:00,7999999.50
2026-01-08T08:50:00+00:00,7999999.71
2026-01-08T08:55:00+00:00,7999999.90
2026-01-08T09:00:00+00:00,7999999.90
2026-01-08T09:05:00+00:00,7999999.90
2026-01-08T09:10:00+00:00,7999999.90
2026-01-08T09:15:00+00:00,7999999.90
2026-01-08T09:20:00+00:00,7999999.90
2026-01-08T09:25:00+00:00,7999999.90
2026-01-08T09:30:00+00:00,7999999.90
2026-01-08T09:35:00+00:00,7999999.90
2026-01-08T09:40:00+00:00,7999999.90
2026-01-08T09:45:00+00:00,7999999.90
2026-01-08T09:50:00+00:00,7999999.90
2026-01-08T09:55:00+00:00,7999999.90
2026-01-08T10:00:00+00:00,7999999.90
2026-01-08T10:05:00+00:00,7999999.90
2026-01-08T10:10:00+00:00,7999999.90
2026-01-08T10:15:00+00:00,7999999.90
2026-01-08T10:20:00+00:00,7999999.90
2026-01-08T10:25:00+00:00,7999999.90
2026-01-08T10:30:00+00:00,7999999.90
2026-01-08T10:35:00+00:00,7999999.90
2026-01-08T10:40:00+00:00,7999999.90
2026-01-08T10:45:00+00:00,7999999.90
2026-01-08T10:50:00+00:00,7999999.90
2026-01-08T10:55:00+00:00,7999999.90
2026-01-08T11:05:00+00:00,7999999.90
2026-01-08T11:10:00+00:00,7999999.90
2026-01-08T11:15:00+00:00,7999999.90
2026-01-08T11:20:00+00:00,7999999.90
2026-01-08T11:25:00+00:00,7999999.90
2026-01-08T11:30:00+00:00,7999999.90
2026-01-08T11:35:00+00:00,7999999.90
2026-01-08T11:40:00+00:00,7999999.90
2026-01-08T11:45:00+00:00,7999999.90
2026-01-08T11:50:00+00:00,7999999.90
2026-01-08T11:55:00+00:00,7999999.90
2026-01-08T12:00:00+00:00,7999999.90
2026-01-08T12:05:00+00:00,8000000.04
2026-01-08T12:10:00+00:00,7999999.54
2026-01-08T12:15:00+00:00,7999999.60
2026-01-08T12:20:00+00:00,7999999.58
2026-01-08T12:25:00+00:00,7999999.78
2026-01-08T12:30:00+00:00,7999999.76
2026-01-08T12:35:00+00:00,7999999.88
2026-01-08T12:40:00+00:00,8000000.08
2026-01-08T12:45:00+00:00,8000000.08
2026-01-08T12:50:00+00:00,8000000.08
2026-01-08T12:55:00+00:00,8000000.08
2026-01-08T13:00:00+00:00,8000000.08
2026-01-08T13:05:00+00:00,8000000.08
2026-01-08T13:10:00+00:00,8000000.08
2026-01-08T13:15:00+00:00,8000000.08
2026-01-08T13:20:00+00:00,8000000.08
2026-01-08T13:25:00+00:00,8000000.08
2026-01-08T13:30:00+00:00,8000000.08
2026-01-08T13:35:00+00:00,8000000.08
2026-01-08T13:40:00+00:00,8000000.08
2026-01-08T13:45:00+00:00,8000000.08
2026-01-08T13:50:00+00:00,8000000.08
2026-01-08T13:55:00+00:00,8000000.08
2026-01-08T14:00:00+00:00,7999999.93
2026-01-08T14:05:00+00:00,8000000.01
2026-01-08T14:10:00+00:00,8000000.05
2026-01-08T14:15:00+00:00,8000000.24
2026-01-08T14:20:00+00:00,8000000.25
2026-01-08T14:25:00+00:00,8000000.13
2026-01-08T14:30:00+00:00,8000000.13
2026-01-08T14:35:00+00:00,8000000.13
2026-01-08T14:40:00+00:00,8000000.13
2026-01-08T14:45:00+00:00,8000000.13
2026-01-08T14:50:00+00:00,8000000.13
2026-01-08T14:55:00+00:00,8000000.13
2026-01-08T15:00:00+00:00,8000000.13
2026-01-08T15:05:00+00:00,8000000.13
2026-01-08T15:10:00+00:00,8000000.13
2026-01-08T15:15:00+00:00,8000000.13
2026-01-08T15:20:00+00:00,8000000.13
2026-01-08T15:25:00+00:00,8000000.13
2026-01-08T15:30:00+00:00,8000000.13
2026-01-08T15:35:00+00:00,8000000.13
2026-01-08T15:40:00+00:00,8000000.13
2026-01-08T15:45:00+00:00,8000000.13
2026-01-08T16:05:00+00:00,8000000.13
2026-01-08T16:10:00+00:00,8000000.13
2026-01-08T16:15:00+00:00,8000000.13
2026-01-08T16:20:00+00:00,8000000.13
2026-01-08T16:25:00+00:00,8000000.13
2026-01-08T16:30:00+00:00,8000000.13
2026-01-08T16:35:00+00:00,8000000.13
2026-01-08T16:40:00+00:00,8000000.13
2026-01-08T16:45:00+00:00,8000000.13
2026-01-08T16:50:00+00:00,8000000.13
2026-01-08T16:55:00+00:00,8000000.13
2026-01-08T17:00:00+00:00,8000000.13
2026-01-08T17:05:00+00:00,8000000.13
2026-01-08T17:10:00+00:00,8000000.13
2026-01-08T17:15:00+00:00,8000000.13
2026-01-08T17:20:00+00:00,8000000.13
2026-01-08T17:25:00+00:00,8000000.13
2026-01-08T17:30:00+00:00,8000000.13
2026-01-08T17:35:00+00:00,8000000.13
2026-01-08T17:40:00+00:00,8000000.13
2026-01-08T17:45:00+00:00,8000000.13
2026-01-08T17:50:00+00:00,8000000.13
2026-01-08T17:55:00+00:00,8000000.13
2026-01-08T18:00:00+00:00,8000000.13
2026-01-08T18:05:00+00:00,8000000.13
2026-01-08T18:10:00+00:00,8000000.13
2026-01-08T18:15:00+00:00,8000000.13
2026-01-08T18:20:00+00:00,8000000.13
2026-01-08T18:25:00+00:00,8000000.13
2026-01-08T18:30:00+00:00,8000000.13
2026-01-08T18:35:00+00:00,8000000.13
2026-01-08T18:40:00+00:00,8000000.13
2026-01-08T18:45:00+00:00,8000000.13
2026-01-08T18:50:00+00:00,8000000.13
2026-01-08T18:55:00+00:00,8000000.13
2026-01-08T19:00:00+00:00,8000000.13
2026-01-08T19:05:00+00:00,8000000.13
2026-01-08T19:10:00+00:00,8000000.13
2026-01-08T19:15:00+00:00,8000000.13
2026-01-08T19:20:00+00:00,8000000.13
2026-01-08T19:25:00+00:00,8000000.13
2026-01-08T19:30:00+00:00,8000000.13
2026-01-08T19:35:00+00:00,8000000.13
2026-01-08T19:40:00+00:00,8000000.13
2026-01-08T19:45:00+00:00,8000000.13
2026-01-08T19:50:00+00:00,8000000.13
2026-01-08T20:00:00+00:00,8000000.13
2026-01-08T20:05:00+00:00,8000000.13
2026-01-08T20:10:00+00:00,8000000.13
2026-01-08T20:15:00+00:00,8000000.13
2026-01-08T20:20:00+00:00,8000000.13
2026-01-08T20:25:00+00:00,8000000.13
2026-01-08T20:30:00+00:00,8000000.13
2026-01-08T20:35:00+00:00,8000000.13
2026-01-08T20:40:00+00:00,8000000.13
2026-01-08T20:45:00+00:00,8000000.13
2026-01-09T05:55:00+00:00,8000000.13
2026-01-09T06:00:00+00:00,8000000.13
2026-01-09T06:05:00+00:00,8000000.13
2026-01-09T06:10:00+00:00,8000000.13
2026-01-09T06:15:00+00:00,8000000.13
2026-01-09T06:20:00+00:00,8000000.13
2026-01-09T06:25:00+00:00,8000000.13
2026-01-09T06:30:00+00:00,8000000.13
2026-01-09T06:35:00+00:00,8000000.13
2026-01-09T06:40:00+00:00,8000000.13
2026-01-09T06:45:00+00:00,8000000.13
2026-01-09T06:50:00+00:00,8000000.13
2026-01-09T06:55:00+00:00,8000000.13
2026-01-09T07:00:00+00:00,8000000.13
2026-01-09T07:05:00+00:00,8000000.13
2026-01-09T07:10:00+00:00,8000000.13
2026-01-09T07:15:00+00:00,8000000.13
2026-01-09T07:20:00+00:00,8000000.13
2026-01-09T07:25:00+00:00,8000000.13
2026-01-09T07:30:00+00:00,8000000.13
2026-01-09T07:35:00+00:00,8000000.13
2026-01-09T07:40:00+00:00,8000000.13
2026-01-09T07:45:00+00:00,8000000.13
2026-01-09T07:50:00+00:00,8000000.13
2026-01-09T07:55:00+00:00,8000000.13
2026-01-09T08:00:00+00:00,8000000.13
2026-01-09T08:05:00+00:00,8000000.13
2026-01-09T08:10:00+00:00,8000000.13
2026-01-09T08:15:00+00:00,8000000.13
2026-01-09T08:20:00+00:00,8000000.13
2026-01-09T08:25:00+00:00,8000000.13
2026-01-09T08:30:00+00:00,8000000.13
2026-01-09T08:35:00+00:00,8000000.13
2026-01-09T08:40:00+00:00,8000000.13
2026-01-09T08:45:00+00:00,8000000.13
2026-01-09T08:50:00+00:00,8000000.13
2026-01-09T08:55:00+00:00,8000000.13
2026-01-09T09:00:00+00:00,8000000.13
2026-01-09T09:05:00+00:00,8000000.13
2026-01-09T09:10:00+00:00,8000000.05
2026-01-09T09:15:00+00:00,8000000.01
2026-01-09T09:20:00+00:00,7999999.88
2026-01-09T09:25:00+00:00,7999999.96
2026-01-09T09:30:00+00:00,7999999.77
2026-01-09T09:35:00+00:00,7999999.89
2026-01-09T09:40:00+00:00,7999999.93
2026-01-09T09:45:00+00:00,7999999.86
2026-01-09T09:50:00+00:00,8000000.03
2026-01-09T09:55:00+00:00,8000000.03
2026-01-09T10:00:00+00:00,8000000.03
2026-01-09T10:05:00+00:00,8000000.03
2026-01-09T10:10:00+00:00,8000000.03
2026-01-09T10:15:00+00:00,8000000.03
2026-01-09T10:20:00+00:00,8000000.03
2026-01-09T10:25:00+00:00,8000000.03
2026-01-09T10:30:00+00:00,8000000.03
2026-01-09T10:35:00+00:00,8000000.03
2026-01-09T10:40:00+00:00,8000000.03
2026-01-09T10:45:00+00:00,8000000.03
2026-01-09T10:50:00+00:00,8000000.03
2026-01-09T10:55:00+00:00,8000000.03
2026-01-09T11:05:00+00:00,8000000.03
2026-01-09T11:10:00+00:00,8000000.03
2026-01-09T11:15:00+00:00,8000000.03
2026-01-09T11:20:00+00:00,8000000.03
2026-01-09T11:25:00+00:00,8000000.03
2026-01-09T11:30:00+00:00,8000000.03
2026-01-09T11:35:00+00:00,8000000.03
2026-01-09T11:40:00+00:00,8000000.03
2026-01-09T11:45:00+00:00,8000000.03
2026-01-09T11:50:00+00:00,8000000.03
2026-01-09T11:55:00+00:00,8000000.03
2026-01-09T12:00:00+00:00,8000000.03
2026-01-09T12:05:00+00:00,8000000.03
2026-01-09T12:10:00+00:00,8000000.03
2026-01-09T12:15:00+00:00,8000000.03
2026-01-09T12:20:00+00:00,8000000.03
2026-01-09T12:25:00+00:00,8000000.03
2026-01-09T12:30:00+00:00,8000000.03
2026-01-09T12:35:00+00:00,8000000.03
2026-01-09T12:40:00+00:00,8000000.03
2026-01-09T12:45:00+00:00,8000000.03
2026-01-09T12:50:00+00:00,8000000.03
2026-01-09T12:55:00+00:00,8000000.03
2026-01-09T13:00:00+00:00,8000000.03
2026-01-09T13:05:00+00:00,8000000.03
2026-01-09T13:10:00+00:00,8000000.03
2026-01-09T13:15:00+00:00,8000000.03
2026-01-09T13:20:00+00:00,8000000.03
2026-01-09T13:25:00+00:00,8000000.03
2026-01-09T13:30:00+00:00,8000000.03
2026-01-09T13:35:00+00:00,8000000.03
2026-01-09T13:40:00+00:00,8000000.03
2026-01-09T13:45:00+00:00,8000000.03
2026-01-09T13:50:00+00:00,8000000.03
2026-01-09T13:55:00+00:00,8000000.03
2026-01-09T14:00:00+00:00,8000000.03
2026-01-09T14:05:00+00:00,8000000.03
2026-01-09T14:10:00+00:00,8000000.03
2026-01-09T14:15:00+00:00,8000000.03
2026-01-09T14:20:00+00:00,8000000.03
2026-01-09T14:25:00+00:00,8000000.03
2026-01-09T14:30:00+00:00,8000000.03
2026-01-09T14:35:00+00:00,8000000.03
2026-01-09T14:40:00+00:00,8000000.03
2026-01-09T14:45:00+00:00,8000000.03
2026-01-09T14:50:00+00:00,8000000.03
2026-01-09T14:55:00+00:00,8000000.03
2026-01-09T15:00:00+00:00,8000000.03
2026-01-09T15:05:00+00:00,8000000.03
2026-01-09T15:10:00+00:00,8000000.03
2026-01-09T15:15:00+00:00,8000000.03
2026-01-09T15:20:00+00:00,8000000.03
2026-01-09T15:25:00+00:00,8000000.03
2026-01-09T15:30:00+00:00,8000000.03
2026-01-09T15:35:00+00:00,8000000.03
2026-01-09T15:40:00+00:00,8000000.03
2026-01-09T15:45:00+00:00,8000000.03
2026-01-09T16:05:00+00:00,8000000.03
2026-01-09T16:10:00+00:00,8000000.03
2026-01-09T16:15:00+00:00,8000000.03
2026-01-09T16:20:00+00:00,8000000.03
2026-01-09T16:25:00+00:00,8000000.03
2026-01-09T16:30:00+00:00,8000000.03
2026-01-09T16:35:00+00:00,8000000.03
2026-01-09T16:40:00+00:00,8000000.03
2026-01-09T16:45:00+00:00,8000000.03
2026-01-09T16:50:00+00:00,8000000.03
2026-01-09T16:55:00+00:00,8000000.03
2026-01-09T17:00:00+00:00,8000000.03
2026-01-09T17:05:00+00:00,8000000.03
2026-01-09T17:10:00+00:00,8000000.03
2026-01-09T17:15:00+00:00,8000000.03
2026-01-09T17:20:00+00:00,8000000.03
2026-01-09T17:25:00+00:00,8000000.03
2026-01-09T17:30:00+00:00,8000000.03
2026-01-09T17:35:00+00:00,8000000.03
2026-01-09T17:40:00+00:00,8000000.03
2026-01-09T17:45:00+00:00,8000000.03
2026-01-09T17:50:00+00:00,8000000.03
2026-01-09T17:55:00+00:00,8000000.03
2026-01-09T18:00:00+00:00,8000000.03
2026-01-09T18:05:00+00:00,8000000.03
2026-01-09T18:10:00+00:00,8000000.03
2026-01-09T18:15:00+00:00,8000000.03
2026-01-09T18:20:00+00:00,8000000.03
2026-01-09T18:25:00+00:00,8000000.03
2026-01-09T18:30:00+00:00,8000000.03
2026-01-09T18:35:00+00:00,8000000.03
2026-01-09T18:40:00+00:00,8000000.03
2026-01-09T18:45:00+00:00,8000000.03
2026-01-09T18:50:00+00:00,8000000.03
2026-01-09T18:55:00+00:00,8000000.03
2026-01-09T19:00:00+00:00,8000000.03
2026-01-09T19:05:00+00:00,8000000.03
2026-01-09T19:10:00+00:00,8000000.03
2026-01-09T19:15:00+00:00,8000000.03
2026-01-09T19:20:00+00:00,8000000.03
2026-01-09T19:25:00+00:00,8000000.03
2026-01-09T19:30:00+00:00,8000000.03
2026-01-09T19:35:00+00:00,8000000.03
2026-01-09T19:40:00+00:00,8000000.03
2026-01-09T19:45:00+00:00,8000000.03
2026-01-09T19:50:00+00:00,8000000.03
2026-01-09T19:55:00+00:00,8000000.03
2026-01-09T20:00:00+00:00,8000000.03
2026-01-09T20:05:00+00:00,8000000.03
2026-01-09T20:10:00+00:00,8000000.03
2026-01-09T20:15:00+00:00,8000000.03
2026-01-09T20:20:00+00:00,8000000.03
2026-01-09T20:25:00+00:00,8000000.03
2026-01-09T20:30:00+00:00,8000000.03
2026-01-09T20:35:00+00:00,8000000.03
2026-01-09T20:40:00+00:00,8000000.03
2026-01-09T20:45:00+00:00,8000000.03
